kmer,quantity
CGAA,2251199
AGTG,1738315
AGTC,1891989
CGAT,1931971
AAAC,3196102
GAAT,1791430
GAAA,2757701
GAAG,2012624
TTAT,2111001
GCTG,2120718
GCTC,1123197
ATAC,1375587
CCAT,1784297
CCAA,2537287
CCAC,1647957
CCAG,1692203
TGTC,1673006
ACTT,2593787
TAAT,2019907
TCTG,1454138
CTCA,1208548
GATC,1734868
TCTC,857706
TGTT,2574147
CGGA,1484712
GTGA,1746120
GTGG,1630242
ACGA,2117746
ACGC,1697486
GTGT,1395641
TTCT,2125585
AATC,2094535
GATT,2079977
CGTG,1485925
TTCG,2267227
TTCA,2609156
TTCC,1757964
GATG,1716229
GATA,1439338
CTGA,1855496
GCCG,2353310
ATCT,1370922
GCCC,1013149
GCCA,2560196
CCGG,1589246
CCGC,1962260
CAGT,2216481
CCGA,1776327
ATCG,1959824
ATCC,1265562
ATCA,2407510
CAGC,2161807
CCGT,2057726
CCTG,1205597
TGGG,1224533
TGGC,2545709
TGGA,1444746
TCGC,1879774
TCGA,1674879
TCGG,1787812
TGGT,2428310
ACAC,1403391
ACAT,1443534
GGAA,1763855
AGAA,2158121
ATTT,2779398
GGAG,767497
ATTG,2352381
ATTC,1792036
GGAT,1275551
AGAT,1366646
CTTG,2205283
TGAT,2395804
TTTA,2777295
TTTC,2746621
GCAG,1786405
CAAC,2879669
TGAG,1217775
TTTT,4528568
TGAC,2219139
GCAT,1606026
CAAT,2340903
CTGT,1690248
TCAT,1976225
AATT,2623551
CGTT,2665171
TATA,1392511
TATC,1433508
TCAA,2834772
CTGG,1690617
AATG,2101008
CTGC,1763421
TATT,2130015
GTTC,2208142
GTCC,1199445
AACC,2536121
AACA,2580700
GTCT,1465879
GGGC,1016963
GTTT,3183213
AGCA,2147327
GAGG,782405
GAGA,873980
GAGC,1101197
TTGA,2847127
TTGC,2669565
CCCA,1227640
ATGC,1569765
ATGA,1977633
ATGG,1786584
CCCT,831307
GCGC,1699867
CCCC,698719
TGCC,2053844
CACG,1503549
TGCA,1637084
TACA,1427700
CATA,1389452
CATC,1741391
CATG,1568888
TCCT,1252184
CGCT,1858465
CATT,2110337
TCCG,1469164
CGCC,1980462
TCCC,838776
CGCA,1701125
TCCA,1445244
